id,name
2975,Laurence Fishburne
8349,Captain Benjamin Willard
8351,Jay 'Chef' Hicks
8354,Chief Phillips
6384,Neo
530,Trinity
1107983,Self (archive footage)
52057,Narrator
110380,Self
18471,Self
74611,Self
1407498,Self
47296,Bryan Gordon
17637,Steve Lerato
53336,Lil One
2639,Passenger
2641,Johnny Bristol
13724,Anne Palmer
2112,Berdahl
6193,Billy
1892,Colin
514,Costello
7796,Mary (voice)
851784,Violet (voice)
89819,Henry (voice)
92029,David Brochman
218506,Doris
103835,Mickey
6717,Dommy
26466,Mary Hohne
18269,Bobby McLaughlin
928944,Himself
2022250,Himself
9979,Himself
2098136,Himself
2098137,Himself
2098138,Himself
5606,Self
5632,Self
11367,Josh Lyman
31028,Toby Ziegler
21010,June Michels
101032,
1397846,Self
2166741,Self
4001066,Narrator (voice)
1197772,Self
3895,Self
59258,
3392,
564,Self
584,Self (Archive footage)
32233,Self
1357063,Self
40644,Self
1779512,Self
1776,Self
38803,Self
64,Self (archive footage)
21127,Jaxton
1692944,Logan
30020,Self
30022,Self
68833,Self
9340,Self (archive footage)
9339,Self (archive footage)
4789367,Self - Gender studies teacher
529,Leonard
532,Teddy
180659,Self
1280183,Self
181934,Self
496175,Self
2102583,Self
73988,Self (archive footage)
21111,Self (archive footage)
1006651,Self
23626,Narrator (voice)
937663,Self
1931175,Self
2954,Narrator (voice)
33663,Self (archive footage)
2301996,Self (archive footage)
2787630,Self/Narrator
89289,Self/Cameo (archive footage)
2803017,Self (archive footage)
2803001,Self/Cameo (archive footage)
1165240,Narrator
2855535,Self
2939212,Self
214317,Self (archive footage)
13716,Self
117180,Self
237876,
1050881,Self (archive footage)
12951,Self (archive footage)
2998183,Self (archive footage)
1231277,Self
7172,
21112,
1038,Clarice Starling
4173,Dr. Hannibal Lecter
349,Jack Crawford
2535,Detective Martin
225620,Richard Lazard
1122373,Himself
1122374,Himself
1122375,Himself
1507609,Himself
1507612,Himself
1507613,Herself
19011,Self
146687,Self
74266,Self
1884692,Narrator (voice)
2701107,Doctor of Psychology
1897,Self (Archive footage)
77896,Self
1224841,Self
539,Self
111513,Self
2395,Self - Host
1735828,Self
53397,Self
170497,Self
4491,Self
56322,Self
2682390,Self
2227,Self
4430,Self
14837,Self
5823,Self - Guest
3141,Self - Guest
1068417,Self
77072,Self
56367,Self
14386,Self
84932,Self
1680929,Self
102786,Self
128550,Self
2320880,Self
56978,Blue
43902,Alex
84164,Lars
21029,James Bird
1661329,Claire
219688,Himself
1277412,Herself
17828,Himself
40036,Herself - Host / Mrs. Claus / Mary / Prancer
1394997,Himself / Jesus / Reindeer
131722,Herself
2496,J. C. Grant
22091,David Grant
2282,Potifar
24589,Josef
24590,Lea
1205143,
1205144,
11770,Self
515,Self
9111,Jim Phelps
98234,Cinnamon Carter
2222,Self
18878,Self
6349,Self (archive footage)
21278,Self
8488,Scout Finch
8487,Atticus Finch
8489,Jem
84206,Polly
119598,Aunt Polly
8656,Doctor Shannon
57686,Steve Johnson
32646,Tamala Davis
20493,Sophia Johnson
103,Chuck Aule
24045,Arthur
3899,Saito
134,Django Freeman
27319,Dr. King Schultz
9261,Self
488,Self
2689,Self
16418,Additional Voices (voice)
15831,Additional Voices (voice)
11478,Self
380,Self
944538,Narrator (voice)
2830394,Self
971346,Self
21007,Donnie Azoff
234352,Naomi Lapaglia
31,Self
1206,self
70851,Self
2366,Self
150367,Self
204,Self / Rose DeWitt Bukater
2710,Self
8529,Self
1032,Self
2157,Sean Maguire
880,Chuckie Sullivan
3197,Sergeant Horvath
12833,Private Reiben
10297,Cooper
1813,Brand
1231844,Himself
1214256,Himself
21037,Self
1800494,Self - Drums
1775343,Self - Bass
3894,Ken Miles
19498,Lee Iacocca
1810,Self (archive footage)
3361135,Narrator
1812,Self
2037,J. Robert Oppenheimer
5081,Kitty Oppenheimer
578,Self
1023139,Self
1370,Billy Bibbit
7071,Nurse Mildred Ratched
10409,Wendy Torrance
10410,Danny
34947,Narrator (voice)
1262612,Self
21200,Self
15189,Self (archive footage)
18514,Self (archive footage)
4955,Self (archive footage)
61110,Self / Stuart / Garth
707,Self / Super Bass-O-Matic 2150 Spokesperson / Elwood Blues
7447,Self / Tony Bennett
11665,Charlie
2171,Dr. Simon
11477,Henry Hill
4517,Tommy DeVito
176557,Glen
19453,Silky
17696,Judith
15864,Bryant
20508,John Manly
1254526,Molly (voice)
17051,Mr. Hurston
1518619,Vicky
13922,Various (voice) (archive sound)
188238,Various (voice) (archive sound)
52139,Various (voice) (archive sound)
131220,Ruth
3140207,Boaz
131221,Naomi
6677,Special Agent Dale Cooper
6678,Sheriff Harry S. Truman
6714,Shelly Johnson
3517400,Self - Interviewee / Guitarist / Vocalist
1936743,Self - Violinist / Vocalist
56890,himself
46393,Herself
1066777,Self
65013,Self
4808,Self
82128,
9789,Self
6449,Self
1353815,former U.S. Assistant Secretary of Education and Education Historian
1353816,Charles Ducommun Professor of Education Stanford University
20212,Richmond Flowers Jr.
41249,Mrs. Mary Flowers
13567,Diane Kay Borchardt
25834,Claire Brown
1204293,Himself
2027993,Himself
3546502,Jack Trout
118764,
36281,
1,Self
7879,Self
3199207,Self
3199208,Self
1800382,
3474911,Self-Assoc.Professor of HistoryNorthwestern UniversityAuthor
60642,Self
22865,Self
13301,Self
4645062,Self
2749845,Self
54693,Skeeter Phelan
19492,Aibileen Clark
18997,Hilly Holbrook
13611,Self
10750,Self
8261,Self
1214281,Self - Choir Member
1648152,Self - Choir Member
92911,Self - Lead Vocals
192,Somerset
287,Mills
12052,Tracy
76184,Bruce
75781,Bart
83908,
1748,
8499,
6968,Robert Angier
6952,Host
114454,Host
10017,Self (archive footage)
1291312,Michael Caine/Erzähler (voice)
2983750,Young Michael Caine
39998,Narrator (voice)
7506,Self
32395,Self
1227911,Self
27769,Self
525,Self
15556,Self
212,Self
1163873,Self
1532857,Katie
1358384,Chase
10872,Himself
105787,Himself
26513,
146747,
169200,Sadness
8534,Self
1121,Self
73931,Mother Earth
2232,Charles McIntyre
516,Self
6352,Self
14841,Self
3223,Tony Stark / Iron Man
16828,Steve Rogers / Captain America
2435839,Self - Narrator (voice)
14538,Himself
7779,Himself
1820819,Self
569,Self
4587,Self
8691,Self
189111,Self - Author
72129,Self (Katniss Everdeen)
27972,Self (Peeta Mellark)
16178,Self
11181,Self
14639,Self
1006721,Self
11483,Self
2559324,TV Interviewer
2559325,Self
27888,Self
2630,Self
958722,Self (archive footage)
41381,Self (archive footage)
151007,Self
1769,Self
19772,Self
1158,Don Michael Corleone
3087,Tom Hagen
3092,Kay Corleone
3084,Don Vito Corleone
3085,Sonny Corleone
1003,Léon Montana
524,Mathilda Lando
10980,Harry Potter
10989,Ron Weasley
10990,Hermione Granger
1415341,Self
1267653,Self
219479,Self
1101349,Self
1407495,Self
4038,Sunny Jacobs
18992,Kerry Max Cook
2047,David Keaton
9827,Martha
143103,Trash Monster
4730,Journalist
9464,Politician
14409,Boss
30024,
117649,
30019,
6777,Moe
89613,Larry
89614,Curly
1219029,Self
1750843,#61
1221712,#71
1350757,Self
1230192,Self
46300,Spike
27889,Self
1331,Self
7187,Himself
57371,Himself
3034,Himself
1385039,Self
1641150,Self
229579,Self
220717,Self
1229925,Self
10565,Self
46433,Self
59785,Self
16450,Self
179512,Narrator
1865991,Himself
4724,Self - Narrator (voice)
46432,Self
50576,Self
136403,Missile countdown (voice)
1999091,Announcer (voice)
57738,Narrator (voice)
1141815,Self (archive footage)
1204877,Self (archive footage)
1152,Narrator
3331792,Self (archive footage)
120578,Self (archive footage)
3032475,Self
3032476,Self
3032477,Self
1257876,Self - TV Producer
1051824,Self - Journalist and Fred's Friend
1998031,Self - Fred's Wife
1116399,Self (archive footage)
18802,Self (archive footage)
1461,Self- Narrator
95778,Self
1230060,Self
1670479,Self
1625013,Self
84384,Self (archive footage)
4353,Self (archive footage)
2214123,Self - Narrator (voice)
2412677,Self - Political Scientist
2412679,Self - Political Scientist
7571,Narrator
84378,Narrator
16811,Self - Narrator (voice)
3910768,Self - Interviewee
2823180,Self - Interviewee
4347,Self (Archive Footage)
3794648,Narrateur  (voice)
4299,Self (archive footage)
210695,Self - Narrator (voice)
1258041,Self - Senior Advisor to President Obama
1236577,Self - Presidential Historian
223120,Self
223121,Self
223122,Self (Captain USA 1980)
219189,Self
214725,Self
3905,
18686,
587506,Miles Morales (voice)
543505,Peter B. Parker (voice)
130640,Gwen Stacy (voice)
222441,Self
1204260,Self
2652100,
2652101,
1589101,Renata Contarini
1212794,Self (archive footage)
16513,Self (archive footage)
1329724,Self
74295,Self
1613258,Himself
25072,Oedipus
3910,Jocosta
1241,Creon
16214,Narrator
227811,Self
1222706,Self
56446,Self
112219,Shawn Michaels
543530,Batista
1167702,Self
1167703,Self
557911,Self
1076629,Self
1705941,Self
1816204,Self
1816207,Self
11161,Killer
2323039,Self
2339577,Self
1145892,Self
1807640,Self
16620,Self
77120,Self
2266228,Self
2435679,Narrator
2266230,Self (archive footage)
10127,Narrator
1229169,Self (archive footage)
1326321,Paige
57342,Vince
2521527,Self - The Washington Post
1600254,Self - Fmr. Anchor Fox News
567335,Chris Benoit
115788,Triple H
2651270,Self
1110063,Self
2651271,Self
28151,Narrator (voice)
2982422,Self
3242458,Self
3342345,Narrator
1954181,Self (archive footage)
240633,Self (archive footage)
27765,Self (archive footage)
25504,André the Giant
160733,Nick Bockwinkel
21397,Self
3981237,Self - Mother
1354043,Self - journalist
1600270,Self
60342,Self (archive footage)
2041195,Self (archive footage)
2607708,Self (archive footage)
3553309,self
150882,Self (archive footage)
80757,Self
1003978,Self
65605,Self
1562927,Self
2547400,Self
1666438,Self
67273,Narrator (voice)
4381182,Self - National Coalition Against Censorship
1184450,Self - Professor University of Massachusetts
1965392,Self (archive footage)
7063,Narrator
1326448,Self
2882914,Self
4026758,Self
4706028,Self - Candidate for U.S. Senate
2005811,Self - Narrator (voice)
1173480,Self - Interviewee
4737861,Self - Interviewee
2189100,Self
1671675,Self
1644623,Self
938972,Self/Cameo
2149806,Self/Cameo
1386798,Archive Footage
100709,Self/Cameo
13348,Self/Cameo (archive footage)
1247141,Self (archive footage)
2802990,Self/Cameo (archive footage)
117418,
1188876,
82702,Self (archive footage)
54421,Self
207070,Self
61399,Self
1232728,Self
1723195,Self
1219050,Self
14414,Self
1416398,Self
116341,Self (archive footage)
1428889,Self / Raggedy Ann
3323316,Self / Marcella
1374664,Self (archive footage)
1010125,Self (archive footage)
146964,Self (archive footage)
1171032,Self (archive footage)
1190206,Self (archive footage)
2415973,Himself
2413592,Himself
22860,Self
1172565,Self
22859,Jerry Lee Lewis
532942,Fats Domino
27011,Self - Host
8851,Self
543105,Self (archive footage)
3410437,Self
3410434,Self
3410438,Self
1086588,Self (archive footage)
2680008,Self (Host)
23977,Self
1178642,Self
1036,Betsy
3119545,agent Evangeline Navarro
10981,Rose Aguineau
5049,John Merrick
10774,Mrs. Kendal
39187,Anne
34546,The Man
54448,Self (archive footage)
54441,Self (archive footage)
54443,Self (archive footage)
137022,Self
4220075,Interviewer / Michael's Son
7318,Self (archive footage)
11091,Himself
1639,Herself
5469,Himself
1137,Mara
28974,Himself
15851,Herself
15009,Himself
139,The Bride
140,O-Ren Ishii
562922,Tim
21215,Diane
1922617,Bobbi Kristina
587035,Nick Gordon
479206,Whitney Houston
154382,Dr. Masters
31134,David Jones
74613,Kamel Jackson
194836,Self
115002,Self
21563,Craig
2939038,Sarah
58924,Bishop Calvin Jacobs
21355,Paul
8689,Uncle Ken
2297056,Blake
2808544,Scotty
1297171,Hit Squad Member
108081,Bobby
2599776,Ethan Dulane
1657021,Hope McGregor
2504212,Young Gabe
160343,Demetri Chicopoulos
74036,Johnny Angel
126932,Maria Chicopoulos
3210443,Maddie
1473053,Laurel
1841650,Alicia
1838518,Marcus
1341059,Tina Ryan
65641,Summer Yarbrough
60116,Liz
1780596,Jordan
545344,Sophie Porter
1150810,Ty Jarrett
1395884,Jessica
105762,Ralph
1142232,Johanne
3897137,Himself
9290,Narrator
1066763,Himself
50707,Himself
1322033,Himself
1322034,Himself
1233313,Himself (Archive Footage)
533195,Self
143280,Self
1189929,
7904,
2801284,Self
1220601,Self (archive footage)
3492377,Self (archive footage)
3492379,Self (archive footage)
3492380,Self (archive footage)
3273875,Narrator (voice)
3622690,Self (voice) (archive footage)
3622691,Self (voice) (archive footage)
1442410,
1442411,
37759,Self - Narrator (voice)
20056,Self
2330903,Self
1220273,Self (archive footage)
2134341,Self (archive footage)
1225259,Narrator
174981,Self
1094687,Self
47,Self
3219627,Self
2921077,Self - IOC President
1936235,Josefina
4076082,Alexis
9309,Self (archive footage)
57551,Self
5726,Self
15535,Himself (archive footage)
68215,Himself
181975,
82587,
78029,
44796,Self
9780,Narrator (voice)
18291,Himself
1633946,Himself
1568932,
2007484,
1212304,Bus Driver (voice)
1192274,Wilbur J. Mole Rat Jr. (voice)
132354,Tall (voice)
133451,Dom
111684,Daisy
53684,Triumph the Insult Comic Dog (voice)
14672,Self
83097,Self
1842039,Self - Judge
71403,Self - Judge
129193,Self - Judge
60227,Beast Boy
1249820,Lena Luthor
1430,Self
1428,Self
53396,Self
127165,Narrator
155488,Self
292445,Self
21986,Self
15903,Self (archive footage)
77193,Self (archive footage)
73641,Self
1202593,Self
33684,Self
148120,Self
83170,Self
4756,Simba (voice)
20005,Nala (voice)
78729,Timon (voice)
95024,
78798,
60434,
1371152,
1218839,
36811,Tarzan Brixton
1870421,Donovan "Dada" Davidson
166772,
14,
854,Self
190,Self
1212,Narrator / Spirit of the Movies
4111,Self (archive footage)
3019,Herself
350,Herself
2412016,(voice)
186529,(voice)
120608,Maria
1596910,Leela
88059,Orlando (voice)
15411,Dead Boy (voice)
5916,Self
9206,Self
1238840,Self - The Pointer Sisters
1227348,Self - The Pointer Sisters
1238842,Self - The Pointer Sisters
172069,Self (archive footage)
1215522,Self - Host
1896,Self - Actor "Avengers: Endgame"
167927,Self (archive footage)
2283,Walter Winchell
2774840,Self
1179651,Self
216674,Self (archive footage)
1650331,Belize
1062,Mr. Dewey - Host
11510,Self
6240,Self
21411,Self
206637,Self
3427755,Narrator (voice)
32362,Self - Host
77156,Elmo / Unemployed Bear (voice)
92087,Self (archive footage)
3232,Self (archive footage)
3488479,Self (archive footage)
1113173,Self
2021317,Self
4600,Self
13472,Atom Ed The Floating Head (voice)
1192987,Toolbox (voice)
33162,Self
982,Self
81487,Self
1215477,Self
1233245,Self
1733801,Self
225377,Self
2787905,Self
7175,Self
11850,Self
138986,Self
237405,Self
4315572,Host
3665,Self
1895,
70651,Himself
70615,Himself
1214573,Self
93527,Self
167662,Self
2384929,Self
86800,
1152019,
2522829,
23678,
35806,
37934,Self (archive footage)
15310,Self (archive footage)
12207,Self (archive footage)
1564846,Self
1473281,Self
27772,Narrator (voice)
158208,Narrator (voice)
14405,Monica Geller
14406,Phoebe Buffay
3536568,Melody Brooks
14892,Diane
112261,Jack O'Toole
13446,Lena Wilson
87192,Father Rolie O'Toole
34398,Patrick Star
17039,Ron Swanson
80591,Ann Perkins
76788,Saroo Brierley
108916,Lucy
1371,John Brierley
113552,Barbara Kennedy
1242514,Cliff Hudson
1246450,Ray Scott
12211,Robert O'Hara Burke
75193,William John Wills
1322658,Charley Gray
150536,Douglas Goddard
76182,Phil Goddard
326,Narrator (voice)
1747292,Self
106179,Self
1233004,Matthew Caine
108945,Barbara Dean
6818,Self
82315,Self (archive footage)
11492,Self (archive footage)
71531,Self
1383964,Self
206911,Self
1916574,Self
5168,Self
15762,Self - Narrator (voice)
1160,Self
5682,Self (archive footage)
44556,Self (archive footage)
20234,Self (archive footage)
973651,Self - Co-Host
1576058,Self - Co-Host
1192928,Self
2165,
4726,
226366,
6541,Self
157359,Self
1729824,Self
2177,Johnny O'Reilly
47902,Rita
40159,Matthew Poole
58414,Cele
518,George Johnson (voice)
4,Alice Conway (voice)
1392152,Self
26510,Self
11514,Self
71727,Self
10859,Self
56323,Self
61303,Self
83600,Self - Performer
482044,Self - Performer
92178,Self
38225,Self
65534,Self - Animator - Interviewee
290,Norman Thayer
21104,Chelsea Thayer Wayne
22384,Self / Gordy Howard (archive footage)
105637,Buddy Sorrell (archive footage)
13294,Self
80866,Self - Performer
40063,Self - Performer
3920454,Self (archive footage)
537064,Self
109887,
8515,(archive footage)
5829,(archive footage)
1201,Self
1041410,Self - narrator
18461,Lex
1216139,Mick
57389,Young Lex
6613,Marjorie Cane
57133,Robbins
66776,Self
1795453,Dancer
3043049,
3043050,
109686,Damien
109687,Hector
111317,Self
57108,Self
52847,Asia
1053305,self
9755,self
1282709,self
4720,Self
2313703,Self
1610514,Self
197315,Self
104779,Self
81129,Self
47775,Self
9030,
2178,
15761,Wubbzy / Sparkle / Intercom Voice / Sock Monster  (voice)
532537,Self (archive footage)
16866,Self (archive footage)
200624,Self
1776464,Himself
4244,
4238,
1060565,Herself
41039,Himself
85930,Self
90388,Self
90389,Self
1468396,Himself
1468397,Himself
94158,Self
31647,The Woman (segment "Down Low")
16303,Céline Dion (segment "I'm Your Angel")
72208,Self - Singer
95494,Self - Singer
108661,Himself
214830,Himself
1070445,Himself
66586,Self
1214976,98 Degrees
1222306,98 Degrees
154782,Self - Inductee
154783,Self - Inductee
174875,Self - Inductee (archive footage)
149923,Self
1063969,Self
1063970,Self
1068409,Self
1068410,Self
1068411,Self
35705,Self - Host
143242,Self - Host
233191,Self - Announcer
2503684,Self (archive footage)
107379,Self - Host
55638,Self
2169865,Self - Narrator (voice)
2920376,Self - Politician
2920377,Self - Former Syrian Military Gen.
964843,Self
1348088,Self (archive footage)
1977908,Self
3089883,Self
1608713,Self
66620,Self
3451053,Self
3527796,Self
1745467,Self
13309,Self
4322819,Don Rowell
4322822,The Boss
4492761,Richard Chase
3660512,Parker H. Liberatore / Additional Voices
4492711,Sir Samuel Ruff
3125,Self / Narrator (voice)
9281,Hope Goldman
1700685,Jordan
936254,Angel Vergara
123725,
125025,Junie Garrison
120831,
1156586,
6944,Dorothy Vaughan
1005852,Mary Jackson
47646,Tamara
72858,William
58737,Self - Host
475512,Self
13636,Self
212208,Self
1025375,Self
